Department,Ministry,Budget 2020 - 2021 Revenue,Budget 2020 - 2021 Capital,Budget 2020 - 2021 Total,Revised 2020 - 2021 Revenue,Revised 2020 - 2021 Capital,Revised 2020 - 2021 Total,Actual 2019 - 2020 Revenue,Actual 2019 - 2020 Capital,Actual 2019 - 2020 Total,Budget 2021 - 2022 Revenue,Budget 2021 - 2022 Capital,Budget 2021 - 2022 Total,Revised 2021 - 2022 Revenue,Revised 2021 - 2022 Capital,Revised 2021 - 2022 Total,Actual 2020 - 2021 Revenue,Actual 2020 - 2021 Capital,Actual 2020 - 2021 Total,Budget 2022- 2023 Revenue,Budget 2022- 2023 Capital,Budget 2022- 2023 Total,Revised 2022- 2023 Revenue,Revised 2022- 2023 Capital,Revised 2022- 2023 Total,Actual 2022- 2023 Revenue,Actual 2022- 2023 Capital,Actual 2022 - 2023 Total,Budget 2023 - 2024 Revenue,Budget 2023 - 2024 Capital,Budget 2023 - 2024 Total,Revised 2023 - 2024 Revenue,Revised 2023 - 2024 Capital,Revised 2023 - 2024 Total,Actual 2023 - 2024 Revenue,Actual 2023 - 2024 Capital,Actual 2023 - 2024 Total
Department of Agriculture and Farmers Welfare,Ministry of Agriculture and Farmers Welfare,134349.45,50.32,134399.77,116698.58,59.34,116757.92,94497.8,13.65,94511.45,122961.57,56.00,123017.57,118257.69,36.55,118294.24,108600.72,21.80,108622.52,115489.37,42.42,115531.79,216351.59,87.72,216439.31,101564.44,8.1,101572.54,227186.13,95.64,227281.77,239040.58,118.63,239159.21,203249.75,40.58,203290.33
Department of Agricultural Research and Education,Ministry of Agriculture and Farmers Welfare,8362.58,0,8362.58,7762.38,0,7762.38,7844.99,0,7844.99,8513.62,0,8513.62,8513.62,0,8513.62,7685.51,0,7685.51,9493.59,10.41,9504,9866.64,9.96,9876.6,8578.15,0,8578.15,9934.59,6.5,9941.09,10152.53,3.82,10156.35,9801,3.39,9804.39
Atomic Energy,Department of Atomic Energy,15797.1,10894.6,26691.7,15225.28,7512.44,22737.72,15416.36,9463.73,24880.09,16392.20,11403.20,27795.40,15466.35,15835.57,31301.92,14663.99,7452.84,22116.83,17479.46,17783.03,35262.49,19530.7,17374.75,36905.45,18803.61,15683.7,34487.31,20251.14,15908.79,36159.93,21142.56,15421.68,36564.24,18778.66,17107.3,35885.96
Ministry of Ayush,Ministry of AYUSH,2122.08,0,2122.08,2322.08,0,2322.08,1833.6,0,1833.6,2970.30,0,2970.30,2664.42,0,2664.42,2291.98,0,2291.98,3641.56,5.94,3647.5,2994.12,5.88,3000,2663.3,0,2663.3,3703.74,8.75,3712.49,3483.99,13.65,3497.64,2912.59,3.72,2916.31
Department of Chemicals and Petrochemicals,Ministry of Chemicals and Fertilisers,218.34,0,218.34,222,73.7,295.7,365.12,0,365.12,229.64,3.50,233.14,206.83,2.17,209.00,219.34,73.70,293.04,172.55,0.9,173.45,188.51,488.37,676.88,143.96,0,143.96,136.82,122.29,259.11,139.7,122.29,261.99,178.24,400.63,578.87
Department of Fertilisers,Ministry of Chemicals and Fertilisers,73974.95,0.05,73975,138569.46,813.24,139382.7,83507.27,0,83507.27,83596.77,444.62,84041.39,149218.70,444.58,149663.28,131271.10,813.24,132084.34,179125.79,2.69,179128.48,192476.6,2.69,192479.29,254841.43,0,254841.43,168127.2,3.61,168130.81,189320.93,15.36,189336.29,195465.1,1.62,195466.72
Department of Pharmaceuticals,Ministry of Chemicals and Fertilisers,326.4,7.18,333.58,463.23,7.18,470.41,227.11,333.15,560.26,461.29,9.12,470.41,1758.20,148.12,1906.32,449.01,7.15,456.16,3158.87,1.19,3160.06,2761.22,0.98,2762.2,2044.84,5.26,2050.1,4088.69,1.26,4089.95,3347.77,40.19,3387.96,2431.65,0.8,2432.45
Ministry of Civil Aviation,Ministry of Civil Aviation,3771.74,25.97,3797.71,4077.66,53.97,4131.63,3625.45,21.36,3646.81,3184.15,40.52,3224.67,6033.39,66618.61,72652.00,4040.28,49.90,4090.18,3026.7,86.66,3113.36,2150.35,771.77,2922.12,9235.09,86.44,9321.53,2257.79,99.35,2357.14,2556.94,101.74,2658.68,2002.22,755.18,2757.4
Ministry of Coal,Ministry of Coal,882.61,0,882.61,627.58,0,627.58,822.99,0,822.99,534.88,0,534.88,644.09,0,644.09,571.64,0,571.64,640.77,1.55,642.32,617.49,1.55,619.04,497.06,0,497.06,920.35,2.2,922.55,869.01,2.2,871.21,603.53,1.42,604.95
Department of Commerce,Ministry of Commerce and Industry,5532.32,687,6219.32,4173,427,4600,6024.47,919.96,6944.43,4699.01,287.00,4986.01,6554.00,867.00,7421.00,4155.82,427.00,4582.82,5216.43,38.15,5254.58,6021.31,28.7,6050.01,6686.02,395,7081.02,4954.84,59.22,5014.06,5557.64,66.36,5624,6005.52,27.29,6032.81
Department for Promotion of Industry and Internal Trade,Ministry of Commerce and Industry,5136.55,1469,6605.55,6785.66,797.4,7583.06,5316.4,1106.89,6423.29,6570.66,1211.58,7782.24,6696.42,1685.58,8382.00,6761.78,797.35,7559.13,6548.93,1651.7,8200.63,4741.48,1662.31,6403.79,4357.87,1598.28,5956.15,5050.69,1404.39,6455.08,6614.57,1396.43,8011,4706.17,1655.89,6362.06
Department of Posts,Ministry of Communications,34057.22,1131.21,35188.43,32239.17,861.71,33100.88,29139.73,730.56,29870.29,34263.18,910.09,35173.27,32247.88,932.33,33180.21,29261.20,897.42,30158.62,39156.43,1396.95,40553.38,35416.54,1580.7,36997.24,32595.57,1476.67,34072.24,37654.64,1262.6,38917.24,38160.73,1238.92,39399.65,35645.52,1386.89,37032.41
Department of Telecommunications,Ministry of Communications,48756.63,30675.06,79431.69,43948.88,8359.92,52308.8,26392.44,9634.49,36026.93,41803.44,31133.56,72937.00,38380.04,10670.17,49050.21,45154.71,8356.11,53510.82,41461.43,66691.82,108153.25,39285.7,75099.43,114385.13,66280.44,56228.62,122509.06,38475.54,93152.44,131627.98,57169.79,82646.52,139816.31,33067.19,62455.72,95522.91
Department of Consumer Affairs,"Ministry of Consumer Affairs, Food and Public Distribution",2505.6,55.4,2561,12264.72,34.19,12298.91,1928.93,13.43,1942.36,3191.55,46.05,3237.60,2697.73,19.41,2717.14,11355.49,33.37,11388.86,259.59,28.07,287.66,316.69,50.44,367.13,224.08,25.64,249.72,10293.49,66.32,10359.81,7331.9,69.34,7401.24,262.9,48.65,311.55
Department of Food and Public Distribution,"Ministry of Consumer Affairs, Food and Public Distribution",121038.41,51197.02,172235.43,437458,11190.72,448648.72,113931.15,1243.11,115174.26,251248.34,52725.96,303974.30,299363.35,12636.65,312000.00,554244.84,11188.35,565433.19,205363.57,25150.37,230513.94,221722.71,25201.93,246924.64,281763.48,12011.48,293774.96,212976.21,50043.54,263019.75,205366.31,50108.66,255474.97,221336.67,22994.16,244330.83
Ministry of Corporate Affairs,Ministry of Corporate Affairs,700.62,52,752.62,659.78,35.22,695,569.66,12.45,582.11,686.13,51.00,737.13,639.45,40.30,679.75,633.17,33.37,666.54,734.19,42,776.19,595.43,42,637.43,583.09,5.6,588.69,2636.96,55.1,2692.06,1053.33,55.1,1108.43,573.06,37.73,610.79
Ministry of Culture,Ministry of Culture,3057.57,92.29,3149.86,2183.45,28.4,2211.85,2434.5,65.9,2500.4,2609.23,78.76,2687.99,2609.23,55.77,2665.00,2123.44,20.21,2143.65,3114.25,285.4,3399.65,3372.6,87.4,3460,3213.08,71.04,3284.12,3070.92,190.01,3260.93,3070.92,190.01,3260.93,3343.41,63.49,3406.9
Ministry of Defence (Civil),Ministry of Defence,29992,7246,37238,28499.06,8845,37344.06,29436.97,7214.79,36651.76,30088.93,7748.41,37837.34,30559.37,10503.04,41062.41,27775.16,8831.81,36606.97,37069.71,8849.79,45919.5,41479.24,10998.75,52477.99,36500.87,8066.29,44567.16,42097.33,10350.85,52448.18,46372,11144.47,57516.47,40829.76,10776.53,51606.29
Defence Services (Revenue),Ministry of Defence,229999.69,0,229999.69,229114.48,0,229114.48,223240.83,0,223240.83,232046.93,0,232046.93,238717.09,0,238717.09,224351.76,0,224351.76,277033.61,0,277033.61,305980.22,0,305980.22,264377.09,0,264377.09,289687.14,0,289687.14,305024.51,0,305024.51,297899.57,0,297899.57
Capital Outlay on Defence Services,Ministry of Defence,0,113734,113734,0,134510,134510,0,111092.43,111092.43,0,135060.72,135060.72,0,138850.90,138850.90,0,134304.92,134304.92,0,162600,162600,0,157228.2,157228.2,0,142940.01,142940.01,0,172000,172000,0,159500,159500,0,154256.28,154256.28
Defence Pensions,Ministry of Defence,133825,0,133825,125000,0,125000,117810.24,0,117810.24,115850.00,0,115850.00,116878.00,0,116878.00,128065.88,0,128065.88,138205,0,138205,142095,0,142095,153406.9,0,153406.9,149205,0,149205,157681,0,157681,142092.99,0,142092.99
Ministry of Development of North Eastern Region,Ministry of Development of North Eastern Region,2330.14,768.59,3098.73,1537.65,358.35,1896,2024.01,673.58,2697.59,2031.51,652.49,2684.00,2021.51,641.49,2663.00,1537.64,358.35,1895.99,1798.75,4093.25,5892,1798.75,4093.25,5892,777.43,341.28,1118.71,2040.68,3859.32,5900,1436.99,2569.01,4006,864.56,1112.2,1976.76
Ministry of Earth Sciences,Ministry of Earth Sciences,1902.44,172,2074.44,1229.48,74.9,1304.38,1620.39,105.21,1725.6,1738.69,163.00,1901.69,2150.10,224.00,2374.10,1218.26,69.70,1287.96,2650.57,673.81,3324.38,2470.68,412.84,2883.52,1497.79,88.29,1586.08,2514.46,558.34,3072.8,2469.52,1171.26,3640.78,2259.12,150.33,2409.45
Department of School Education and Literacy,Ministry of Education,106040.74,0,106040.74,94756.19,0,94756.19,87520.83,0,87520.83,103673.66,0,103673.66,96969.95,0,96969.95,84013.96,0,84013.96,104804.3,0.55,104804.85,116473.15,0.65,116473.8,96890.13,0,96890.13,127874.34,0.76,127875.1,122233.53,0.27,122233.8,103325.02,0.45,103325.47
Department of Higher Education,Ministry of Education,52078.45,2227,54305.45,50171,229,50400,34831.64,2104.99,36936.63,65325.15,25.50,65350.65,57592.86,14.71,57607.57,34475.36,205.74,34681.10,50082.1,12.52,50094.62,63231.96,12.52,63244.48,53241.95,2.94,53244.89,63309.2,11.06,63320.26,62308.38,8.56,62316.94,61933.79,7.32,61941.11
Ministry of Electronics and Information Technology,Ministry of Electronics and Information Technology,6524.03,375,6899.03,5197,353,5550,5531.7,266.6,5798.3,9274.66,446.00,9720.66,9174.25,407.00,9581.25,5172.57,350.63,5523.20,16180.36,368.68,16549.04,14012.39,408.86,14421.25,8943.68,276.6,9220.28,21355.89,581.01,21936.9,17209.75,356.56,17566.31,12457.46,389.63,12847.09
"Ministry of Environment, Forests and Climate Change","Ministry of Environment, Forests and Climate Change",3052.23,157.55,3209.78,2170.73,44.27,2215,2573.8,37.65,2611.45,3014.10,122.48,3136.58,2738.14,48.51,2786.65,2029.84,33.09,2062.93,3576.27,145.38,3721.65,3744.79,78.38,3823.17,2765.33,72.42,2837.75,3885.37,93.25,3978.62,3627.96,93.25,3721.21,3444.26,77.85,3522.11
Ministry of External Affairs,Ministry of External Affairs,16014.43,1332.28,17346.71,13744.1,1255.9,15000,16066.18,1205.87,17272.05,16663.98,1490.75,18154.73,14919.41,1080.59,16000.00,13223.35,1142.49,14365.84,16534.79,1520.21,18055,27145.95,10989.65,38135.6,15510.57,1174.22,16684.79,20479.5,6058.58,26538.08,23602.03,6058.58,29660.61,27036.28,10159.76,37196.04
Department of Economic Affairs,Ministry of Finance,3338.25,48320.71,51658.96,6387.62,32258.26,38645.88,3475.59,12728.09,16203.68,4649.12,94900.41,99549.53,5718.97,49449.86,55168.83,6062.91,20792.78,26855.69,6909.09,8227.45,15136.54,13347.55,15069.58,28417.13,6216.55,5917.16,12133.71,14715.53,69915.28,84630.81,45819.72,16942.21,62761.93,13006.83,14560.74,27567.57
Department of Expenditure,Ministry of Finance,535.55,0,535.55,406.14,0,406.14,413.73,0,413.73,454.74,0,454.74,459.57,0,459.57,289.31,0,289.31,389.26,128.08,517.34,378.2,90.84,469.04,366.03,0,366.03,412.68,91.46,504.14,477.38,53.55,530.93,380.68,48.56,429.24
Department of Financial Services,Ministry of Finance,1474.97,27600.05,29075.02,12180.57,39650.01,51830.58,1035.41,82198.11,83233.52,3710.78,47800.03,51510.81,3187.87,79118.00,82305.87,10289.16,38650.00,48939.16,1112.35,262.31,1374.66,4090.03,8591.85,12681.88,1351.06,1986,3337.06,2783.21,322.97,3106.18,3376.66,809.18,4185.84,3969.15,8588.42,12557.57
Department of Public Enterprises,Ministry of Finance,132.11,0,132.11,92.49,0,92.49,105.1,0,105.1,21.81,0,21.81,27.00,150.00,177.00,16.15,0,16.15,32.15,0.9,33.05,29.97,2.6,32.57,31.19,150,181.19,25.91,0.69,26.6,26.08,0.64,26.72,28.08,2.57,30.65
Department of Investment and Public Asset Management (DIPAM),Ministry of Finance,272159.62,91.21,272250.83,272440.51,14.24,272454.75,275423.23,6.7,275429.93,110.52,0,110.52,96.88,0,96.88,71.72,0,71.72,93.46,1.46,94.92,58.57,1.46,60.03,178.89,0,178.89,48.27,1.47,49.74,68.96,1.52,70.48,52.3,1.23,53.53
Department of Revenue,Ministry of Finance,7733.39,332,8065.39,7492,202,7694,6955.38,227.34,7182.72,201499.62,13.02,201512.64,209793.75,11.67,209805.42,268877.80,0.15,268877.95,189707.53,119.84,189827.37,190135.79,306.76,190442.55,314132.74,28.99,314161.73,165054.05,531.96,165586.01,162602.37,475.74,163078.11,190017.08,260.39,190277.47
Direct Taxes,Ministry of Finance,7820.5,438,8258.5,7304.47,278,7582.47,7259.81,275.45,7535.26,8180.34,352.00,8532.34,8206.89,302.00,8508.89,7229.93,173.14,7403.07,8282.87,1610,9892.87,8818.3,1212.39,10030.69,8459.05,417.8,8876.85,9025.42,1314.96,10340.38,9202.35,2372.82,11575.17,8658.64,1182.1,9840.74
Indirect Taxes,Ministry of Finance,5365.27,18,5383.27,5040.31,18,5058.31,5097.49,10.87,5108.36,20907.27,452.00,21359.27,73960.99,978.00,74938.99,7168.11,216.10,7384.21,36305.58,2205,38510.58,34508.94,2207.66,36716.6,33312.72,682.53,33995.25,38859.86,2238.62,41098.48,38379.78,2372.39,40752.17,33080.47,1577.33,34657.8
Indian Audit and Accounts Department,Ministry of Finance,733203.16,0,733203.16,732987.16,0,732987.16,655372.01,0,655372.01,5409.97,24.95,5434.92,5387.21,54.95,5442.16,5035.24,7.91,5043.15,6040.27,142.76,6183.03,6131.14,212.81,6343.95,5871.03,156.35,6027.38,6171.81,181.96,6353.77,6475.12,160.18,6635.3,6103.77,178.04,6281.81
Interest Payments,Ministry of Finance,0,6890921.56,6890921.56,0,6481709.92,6481709.92,0,6326548.77,6326548.77,847195.79,0,847195.79,837186.70,0,837186.70,720985.20,0,720985.20,1113971,0,1113971,1106524.08,0,1106524.08,972715.23,0,972715.23,1208841.36,0,1208841.36,1185170.92,0,1185170.92,1102651.06,0,1102651.06
Repayment of Debt,Ministry of Finance,62169.35,0,62169.35,63150.93,0,63150.93,50132.44,0,50132.44,0,6944151.48,6944151.48,0,6062577.74,6062577.74,0,6184635.33,6184635.33,0,8948452.71,8948452.71,0,7607164.76,7607164.76,0,7199701.13,7199701.13,0,7958130.77,7958130.77,0,8407558.01,8407558.01,0,7462492.87,7462492.87
Pensions,Ministry of Finance,196854.8,25100,221954.8,203672.43,154333,358005.43,149903.95,24667.94,174571.89,56873.12,0,56873.12,64005.12,0,64005.12,62820.22,0,62820.22,72701,0,72701,75701,0,75701,68270.72,0,68270.72,80241,0,80241,93720,0,93720,75444.79,0,75444.79
Transfers to States,Ministry of Finance,805.84,19.16,825,897.81,12.61,910.42,660.18,3.45,663.63,292333.77,56850.01,349183.78,276838.15,201100.00,477938.15,203566.83,148802.28,352369.11,204820.01,154650.02,359470.03,176229.01,135151.02,311380.03,190354.65,109383.35,299738,184180.78,184000,368180.78,177530.31,159510,337040.31,175544.45,140862.71,316407.16
Ministry of Fisheries Animal Husbandry and Dairying,"Ministry of Fisheries, Animal Husbandry and Dairying",3657.42,46.71,3704.13,2991.59,16.3,3007.89,3125.37,5.68,3131.05,1192.16,28.68,1220.84,1389.54,17.75,1407.29,878.59,4.69,883.28,2228.37,20.4,2248.77,1692.74,8.26,1701,1358.28,2.28,1360.56,2597.44,19,2616.44,1656.82,9.65,1666.47,1329.2,4.09,1333.29
"Department of Animal Husbandry, Dairying and Fisheries","Ministry of Fisheries, Animal Husbandry and Dairying",1232.94,0,1232.94,1247.42,0,1247.42,845.54,0,845.54,3555.59,44.39,3599.98,3040.17,13.58,3053.75,2964.04,3.52,2967.56,4649.09,38.76,4687.85,3997.22,186.71,4183.93,2647.37,13.45,2660.82,4693.57,237.67,4931.24,3787.11,227.14,4014.25,3310.83,174.67,3485.5
Ministry of Food Processing Industries,Ministry of Food Processing Industries,104590.24,1733.6,106323.84,114204.88,4233.5,118438.38,66575.56,2799.23,69374.79,1308.66,0,1308.66,1304.12,0,1304.12,1152.68,0,1152.68,3285.19,2.46,3287.65,3654.64,2.31,3656.95,1455.13,0,1455.13,4016.46,2.54,4019,3423.78,3.01,3426.79,2942.59,1.92,2944.51
Department of Health and Family Welfare,Ministry of Health and Family Welfare,2100,0,2100,4062.3,0,4062.3,1860.98,0,1860.98,114771.54,4355.61,119127.15,117800.17,6544.71,124344.88,91604.72,3586.99,95191.71,99382.66,5300.34,104683,88923.99,2709.36,91633.35,95934.88,3050.82,98985.7,105939.07,3612.29,109551.36,105553.07,2549.73,108102.8,93534.56,2026.45,95561.01
Department of Health Research,Ministry of Health and Family Welfare,930.35,559.63,1489.98,588.44,311.56,900,954.14,352.05,1306.19,2663.00,0,2663.00,3080.00,0,3080.00,3124.59,0,3124.59,2979.2,0.8,2980,2892.03,0.8,2892.83,2432.11,0,2432.11,3300.87,0.86,3301.73,3390.62,1.02,3391.64,2857.37,0.11,2857.48
Ministry of Heavy Industries,Ministry of Heavy Industries ,24.15,0,24.15,17.84,0,17.84,21.09,0,21.09,927.85,67.42,995.27,1053.95,127.05,1181.00,584.99,311.56,896.55,6145.32,26.31,6171.63,6389.32,2.19,6391.51,2668.58,43.96,2712.54,7240.2,1.8,7242,4558.89,1.8,4560.69,4911.34,1.93,4913.27
Ministry of Home Affairs,Ministry of Home Affairs,7749.52,252.48,8002,3736.22,279.33,4015.55,16630.46,310.33,16940.79,7333.41,286.99,7620.40,4237.96,320.65,4558.61,3585.40,275.28,3860.68,5472.44,428.87,5901.31,4575.13,545.65,5120.78,4073.42,214.22,4287.64,6072.97,385.27,6458.24,5650.76,286.12,5936.88,4586.03,533.51,5119.54
Cabinet,Ministry of Home Affairs,1140.38,0,1140.38,1241.22,0,1241.22,888.26,0,888.26,1961.04,137.00,2098.04,1588.00,137.00,1725.00,1194.91,0,1194.91,969.18,289.5,1258.68,1251.67,551.34,1803.01,962.36,94.78,1057.14,1152.68,96.23,1248.91,680.93,5007.67,5688.6,883.08,165.78,1048.86
Police,Ministry of Home Affairs,96750.7,9858.87,106609.57,88364.63,5203.28,93567.91,94517.15,8919.6,103436.75,95432.07,9730.04,105162.11,102234.08,7910.80,110144.88,88119.63,5067.72,93187.35,117782.65,11844.87,129627.52,117636.44,10115.26,127751.7,108293.27,8216.41,116509.68,130971.6,13351.6,144323.2,137345.11,10532.84,147877.95,116151.63,9858.86,126010.49
Andaman and Nicobar Islands,Ministry of Home Affairs,4611.9,622.36,5234.26,4481.37,403.6,4884.97,4485.16,522.18,5007.34,4721.24,666.17,5387.41,5463.55,512.09,5975.64,4531.05,342.92,4873.97,5541.96,505.18,6047.14,5506.55,490.87,5997.42,5086.99,471.7,5558.69,5573.69,467.13,6040.82,5634.22,406.6,6040.82,5486.95,440.61,5927.56
Chandigarh,Ministry of Home Affairs,4643.96,494.14,5138.1,4209.36,435.55,4644.91,4368.6,460.95,4829.55,4567.67,618.45,5186.12,4442.18,499.07,4941.25,4228.60,414.47,4643.07,5365.07,722.03,6087.1,6015.42,663.03,6678.45,5306.35,472.45,5778.8,5858.62,655,6513.62,5959.49,655,6614.49,5976.31,662.96,6639.27
Dadra and Nagar Haveli and Daman and Diu,Ministry of Home Affairs,2768.1,752.42,3520.52,2351.41,407.22,2758.63,2599.63,643.1,3242.73,2798.76,764.83,3563.59,2798.76,873.04,3671.80,1963.10,377.33,2340.43,1533.86,948.14,2482,1595.47,948.14,2543.61,1564.32,929.1,2493.42,1637.41,1016.26,2653.67,1635.21,1016.26,2651.47,1591.94,935.21,2527.15
Ladakh,Ministry of Home Affairs,2331.72,3626.28,5958,2331.72,3626.28,5958,0,0,0,2331.64,3626.36,5958.00,2331.64,3626.36,5958.00,1585.46,788.58,2374.04,2818.33,3149.92,5968.25,2414.25,2100,4514.25,2089.72,2090.15,4179.87,2892.09,3076.16,5968.25,2434.59,2500,4934.59,2248.57,2107.13,4355.7
Lakshadweep,Ministry of Home Affairs,1174.84,201.62,1376.46,1174.84,201.62,1376.46,1146.39,167.61,1314,1238.21,229.10,1467.31,1232.96,90.05,1323.01,1138.66,102.26,1240.92,1136.02,285.48,1421.5,1324.26,278.37,1602.63,1195.92,87.44,1283.36,1199.75,317.1,1516.85,1418.65,216.26,1634.91,1325.85,253.26,1579.11
Transfers to Delhi,Ministry of Home Affairs,966,150,1116,1115.99,0.01,1116,797,225,1022,957.50,0.01,957.51,1030.01,0,1030.01,1112.49,0,1112.49,1168,0.01,1168.01,1168,0.01,1168.01,960.49,0,960.49,968.01,200,1168.01,968.01,280,1248.01,951,0,951
Transfers to Jammu and Kashmir,Ministry of Home Affairs,30757,0,30757,30757,0,30757,0,0,0,30757.00,0,30757.00,34704.46,0,34704.46,30757.00,0,30757.00,35581.44,0,35581.44,41751.44,0,41751.44,44696.13,0,44696.13,42277.74,0,42277.74,41000.07,0,41000.07,41604.44,0,41604.44
Transfers to Puducherry,Ministry of Home Affairs,1703.01,0.01,1703.02,1703.01,0.01,1703.02,1600.99,0,1600.99,1729.78,0.01,1729.79,1879.78,0.01,1879.79,1703.00,0,1703.00,3117.76,0.01,3117.77,3388.76,0.01,3388.77,3129.77,0,3129.77,3268.99,0.01,3269,3329.99,0.01,3330,3388.75,0,3388.75
Ministry of Housing and Urban Affairs,Ministry of Housing and Urban Affairs,36637.2,21149.02,57786.22,44227.57,10309.43,54537,23048.64,19304.99,42353.63,36991.99,25759.02,62751.01,48063.76,25956.51,74020.27,43106.44,10304.19,53410.63,50592.32,29606.28,80198.6,42885.92,30142.45,73028.37,50737.45,26879.23,77616.68,54107.3,31992.78,86100.08,32186.43,37228.19,69414.62,42476.91,30050.39,72527.3
Ministry of Information and Broadcasting,Ministry of Information and Broadcasting,4361.65,13.56,4375.21,3643.85,6.4,3650.25,4028.07,4.29,4032.36,4058.61,12.62,4071.23,3743.59,21.10,3764.69,3374.12,6.32,3380.44,4661.16,30.84,4692,4410.92,38.84,4449.76,3998.48,25.65,4024.13,4303.71,38.84,4342.55,4564.84,61.87,4626.71,4276.68,37.55,4314.23
"Department of Water Resources, River Development and Ganga Rejuvenation",Ministry of Jal Shakti,8641.49,409.02,9050.51,7194.12,161.09,7355.21,7179.89,318.03,7497.92,8756.92,344.77,9101.69,17862.19,225.63,18087.82,7149.50,158.07,7307.57,19738.21,380.48,20118.69,23654.07,327.93,23982,12020.06,181.42,12201.48,29830.65,403.18,30233.83,27844.63,324.32,28168.95,23158.92,228.59,23387.51
Department of Drinking Water and Sanitation,Ministry of Jal Shakti,29268.46,0,29268.46,28023.5,0,28023.5,26016.57,0,26016.57,128024.45,0,128024.45,102047.90,0,102047.90,26967.39,0,26967.39,77221.8,1.2,77223,77031.05,1.6,77032.65,59790.44,0,59790.44,77389.18,1.5,77390.68,29915.18,1.5,29916.68,76824.18,2.57,76826.75
Ministry of Labour and Employment,Ministry of Labour and Employment,12021.49,44,12065.49,13690.06,29.5,13719.56,10054.4,30.62,10085.02,13269.37,37.13,13306.50,14224.52,24.20,14248.72,12903.72,26.10,12929.82,13183.86,37.87,13221.73,12483.19,37.87,12521.06,14763.09,37.52,14800.61,22481.88,49.59,22531.47,18268.93,38.29,18307.22,11508.18,31.44,11539.62
Law and Justice,Ministry of Law and Justice,2150,200,2350,1482.46,286,1768.46,3171.91,49.62,3221.53,1745.82,1100.00,2845.82,3269.00,1122.00,4391.00,1431.52,286.00,1717.52,2230.65,1944.78,4175.43,6127.39,2562.85,8690.24,5132.07,1191.24,6323.31,5973.79,167.16,6140.95,6759.61,93.95,6853.56,6050.3,2443.1,8493.4
Election Commission,Ministry of Law and Justice,269,1,270,200,6,206,248.7,31.22,279.92,242.16,7.00,249.16,252.00,7.00,259.00,192.88,6.00,198.88,312,28,340,385.67,80.37,466.04,320.23,0,320.23,306.06,15.83,321.89,333.85,27.91,361.76,366.34,72.76,439.1
Supreme Court of India,Ministry of Law and Justice,308.61,0,308.61,328,0,328,296.55,0,296.55,334.96,0,334.96,350.86,0,350.86,328.00,0,328.00,407.15,30,437.15,459.28,58,517.28,392.78,0,392.78,456.54,68.95,525.49,490.46,98.09,588.55,456,58,514
"Ministry of Micro, Small and Medium Enterprises","Ministry of Micro, Small and Medium Enterprises",7513.2,59,7572.2,5474.22,190,5664.22,6702.39,15.13,6717.52,15329.65,370.00,15699.65,15335.45,364.20,15699.65,5624.20,23.63,5647.83,21543.43,594.52,22137.95,21543.28,594.67,22137.95,23177.56,406.33,23583.89,21549.87,588.08,22137.95,16718.15,588.55,17306.7,21499.91,594.26,22094.17
Ministry of Mines,Ministry of Mines,1737.04,114.36,1851.4,1406.51,54.17,1460.68,1385.29,81.39,1466.68,1498.49,68.33,1566.82,1551.28,53.72,1605.00,1383.47,51.81,1435.28,2234.48,77.12,2311.6,3055.9,77.12,3133.02,1686.87,58.22,1745.09,2295.14,45.92,2341.06,3486.84,46.16,3533,3043.41,75.66,3119.07
Ministry of Minority Affairs,Ministry of Minority Affairs,4868.98,160.02,5029,3894.98,110.02,4005,4345.1,160,4505.1,4657.75,153.02,4810.77,4246.45,100.00,4346.45,3888.57,110.00,3998.57,3032.6,65,3097.6,2543.93,65,2608.93,678.68,159,837.68,3179.49,3.75,3183.24,1865.39,2.79,1868.18,970.26,62.38,1032.64
Ministry of New and Renewable Energy,Ministry of New and Renewable Energy,5701,52,5753,3421,170,3591,3491.13,70.97,3562.1,5743.00,10.00,5753.00,5071.80,2610.00,7681.80,2931.87,149.96,3081.83,17717.81,11.65,17729.46,13949.3,15,13964.3,11107.67,13.47,11121.14,32608.9,17.45,32626.35,21898.9,7,21905.9,12583.94,10.87,12594.81
Ministry of Panchayati Raj,Ministry of Panchayati Raj,900.94,0,900.94,690,0,690,498.27,0,498.27,913.43,0,913.43,868.38,0,868.38,686.26,0,686.26,993.27,23.15,1016.42,981.39,2.61,984,901.18,0,901.18,1161.2,22.44,1183.64,857.56,22.44,880,977.95,2.54,980.49
Ministry of Parliamentary Affairs,Ministry of Parliamentary Affairs,50.52,0,50.52,43.44,0,43.44,18.9,0,18.9,65.07,0,65.07,65.00,0,65.00,28.98,0,28.98,59,4,63,56.93,6.07,63,52.2,0,52.2,59.7,4.3,64,58.4,6.36,64.76,52.63,6.07,58.7
"Ministry of Personnel, Public Grievances and Pensions","Ministry of Personnel, Public Grievances and Pensions",1606.28,148.26,1754.54,1630.27,149.73,1780,1539.47,128.75,1668.22,1860.21,198.36,2058.57,1796.40,153.60,1950.00,1531.77,116.18,1647.95,1932.02,275.72,2207.74,2158.76,334.94,2493.7,1986.67,293.92,2280.59,2052.63,275.93,2328.56,2298.98,277.17,2576.15,2146.29,212.02,2358.31
Central Vigilance Commission,"Ministry of Personnel, Public Grievances and Pensions",39,0,39,33.96,0,33.96,35.1,0,35.1,38.67,0,38.67,38.63,0,38.63,33.56,0,33.56,43.21,1.25,44.46,46.48,1.25,47.73,43.17,0,43.17,49.69,1.62,51.31,49.69,1.62,51.31,43.48,1.12,44.6
Ministry of Petroleum and Natural Gas,Ministry of Petroleum and Natural Gas,42722,907,43629,40637.99,2613.01,43251,42240.64,571.59,42812.23,15866.78,427.00,16293.78,8448.47,397.66,8846.13,39876.88,2313.00,42189.88,5498.74,35508.98,41007.72,14716.98,2979.7,17696.68,30912.71,0,30912.71,14801.29,1128.97,15930.26,19126.84,1178.77,20305.61,14287.53,2980.44,17267.97
Ministry of Planning,Ministry of Planning,649.22,0.78,650,769.22,0.78,770,574.03,0,574.03,1061.99,0.78,1062.77,1070.01,0.77,1070.78,749.01,0.28,749.29,805.73,18.66,824.39,496.76,17.43,514.19,848.81,0.3,849.11,818.3,18.96,837.26,978.39,22.63,1001.02,284.83,5.99,290.82
"Ministry of Ports, Shipping and Waterways","Ministry of Ports, Shipping and Waterways",2035,145,2180,1613.65,330,1943.65,1646.38,547.08,2193.46,1859.35,353.00,2212.35,1336.57,758.80,2095.37,1588.43,319.20,1907.63,1530.53,1198.21,2728.74,1623.67,1266.45,2890.12,1389.89,740.44,2130.33,1749.56,1202.93,2952.49,1966.15,1432.39,3398.54,1540.33,1249.44,2789.77
Ministry of Power,Ministry of Power,19833.2,2048.08,21881.28,14194.13,449.8,14643.93,18642.59,2492.51,21135.1,17727.03,3180.77,20907.80,15583.08,2153.08,17736.16,14556.51,383.98,14940.49,21794.52,16.8,21811.32,18580.53,1943.72,20524.25,10210.44,23.11,10233.55,20700.5,1086.5,21787,20003.45,2644.85,22648.3,17704.41,1944.17,19648.58
"Staff, Household and Allowances of the President","The President, Parliament, Union Public Service Commission and the Secretariat of the Vice President",80.98,0,80.98,69.78,0,69.78,69.26,0,69.26,74.47,0,74.47,70.00,0,70.00,68.35,0,68.35,87.73,2.41,90.14,93.04,4.65,97.69,80.38,0,80.38,108.09,36.09,144.18,118.3,15.31,133.61,90.16,4.09,94.25
Lok Sabha,"The President, Parliament, Union Public Service Commission and the Secretariat of the Vice President",811.1,0,811.1,703.1,0,703.1,650.05,0,650.05,855.00,0,855.00,700.45,0,700.45,559.79,0,559.79,786.51,35.49,822,757.46,31.19,788.65,666.57,0,666.57,782.77,79.23,862,813.46,41.89,855.35,691.55,20.1,711.65
Rajya Sabha,"The President, Parliament, Union Public Service Commission and the Secretariat of the Vice President",436.29,0,436.29,361.41,0,361.41,386.14,0,386.14,446.50,0,446.50,405.54,0,405.54,346.56,0,346.56,474.35,10.06,484.41,408.59,13.27,421.86,383.53,0,383.53,425.74,15.68,441.42,401.89,15,416.89,392.04,9.64,401.68
Secretariat of the Vice-President,"The President, Parliament, Union Public Service Commission and the Secretariat of the Vice President",7.25,0,7.25,6.82,0,6.82,7.88,0,7.88,7.43,0,7.43,7.31,0,7.31,5.93,0,5.93,9.1,0.21,9.31,9.6,0.36,9.96,8.31,0,8.31,11.3,0.31,11.61,12.68,0.31,12.99,8.91,0.3,9.21
Union Public Service Commission,"The President, Parliament, Union Public Service Commission and the Secretariat of the Vice President",305.38,0,305.38,285,0,285,297.97,0,297.97,304.17,0,304.17,316.18,0,316.18,284.94,0,284.94,358.46,21.54,380,408.7,17.54,426.24,369.99,0,369.99,404.17,21.54,425.71,406.08,21.54,427.62,404.65,16.83,421.48
Ministry of Railways,Ministry of Railways,283978.64,237629.42,521608.06,202664.64,272136.9,474801.54,228864.29,215369.97,444234.26,276452.65,304928.96,581381.61,259771.06,326344.47,586115.53,194663.60,222575.33,417238.93,331000.52,440629.07,771629.59,325188.35,415362.43,740550.78,302027.07,317811,619838.07,350495.01,439323.54,789818.55,351067.12,436765.38,787832.5,321856.37,411703.45,733559.82
Ministry of Road Transport and Highways,Ministry of Road Transport and Highways,19686.29,160481.61,180167.9,19495.01,176858.53,196353.54,18298.73,133862.62,152161.35,19668.06,207850.29,227518.35,19676.23,234753.19,254429.42,19266.45,170523.43,189789.88,23528.23,321298.78,344827.01,23497.54,316737.41,340234.95,21144.06,407851.03,428995.09,17390.7,339657.3,357048,21947.59,334389.11,356336.7,23222,321045.84,344267.84
Department of Rural Development,Ministry of Rural Development,198026.19,100,198126.19,337396.53,0,337396.53,204822.24,12.52,204834.76,234019.08,0,234019.08,285058.07,0,285058.07,336116.76,0,336116.76,236541.48,3.52,236545,274065.82,3.64,274069.46,331820.8,0,331820.8,282562.05,4.14,282566.19,271907.83,4.28,271912.11,265374.35,2.16,265376.51
Department of Land Resources,Ministry of Rural Development,2251.24,0,2251.24,1252.15,0,1252.15,1535.12,0,1535.12,2170.42,0,2170.42,1484.52,0,1484.52,1236.50,0,1236.50,2417.97,1.26,2419.23,3636.33,1.26,3637.59,1259.13,0,1259.13,5147.23,1.01,5148.24,3753.36,1.01,3754.37,3496.22,1.16,3497.38
Department of Science and Technology,Ministry of Science and Technology,6212.63,101,6313.63,4911.1,101,5012.1,5403.76,49.27,5453.03,5949.59,122.00,6071.59,5175.00,69.20,5244.20,4826.85,86.48,4913.33,7843.95,88.3,7932.25,4851.59,41.39,4892.98,4519.96,40.03,4559.99,7965.71,64.5,8030.21,5588.09,73.36,5661.45,4072.98,40.13,4113.11
Department of Biotechnology,Ministry of Science and Technology,2786.76,0,2786.76,2300,0,2300,2358.77,0,2358.77,3502.37,0,3502.37,2961.00,0,2961.00,2259.72,0,2259.72,2683.86,0,2683.86,1607.32,0,1607.32,2121.42,0,2121.42,2275.7,0,2275.7,2460.13,0,2460.13,1537.81,0,1537.81
Department of Scientific and Industrial Research,Ministry of Science and Technology,5375.2,9.8,5385,4246.06,5.8,4251.86,4870.52,1.99,4872.51,5202.12,22.15,5224.27,5285.57,12.15,5297.72,4239.46,5.42,4244.88,5737.05,9.46,5746.51,6189.51,13.02,6202.53,5851.87,1.5,5853.37,6321.71,1.7,6323.41,6348.69,1.85,6350.54,6141.57,10.75,6152.32
Ministry of Skill Development and Entrepreneurship,Ministry of Skill Development and Entrepreneurship,2923.03,79.18,3002.21,2650.14,73.72,2723.86,2321.7,86.13,2407.83,2711.53,73.70,2785.23,2701.53,83.70,2785.23,2558.28,74.17,2632.45,3418.07,99.24,3517.31,4894.27,99.24,4993.51,1328.28,59.57,1387.85,7095.27,110.37,7205.64,5558.85,59.98,5618.83,4391.19,89.07,4480.26
Department of Social Justice and Empowerment,Ministry of Social Justice and Empowerment,9557.57,546,10103.57,8087.49,120.07,8207.56,8283.41,455,8738.41,10197.62,370.00,10567.62,10234.48,95.00,10329.48,8136.84,100.00,8236.84,13117.11,140.05,13257.16,9956.84,80.93,10037.77,7716.72,53.17,7769.89,13478.6,61.04,13539.64,10400.17,40,10440.17,9501.78,78.19,9579.97
Department of Empowerment of Persons with Disabilities,Ministry of Social Justice and Empowerment,1325.38,0.01,1325.39,900,0,900,1015.26,0.92,1016.18,1171.76,0.01,1171.77,1044.31,0,1044.31,861.63,0,861.63,1224.09,1.06,1225.15,1223.96,1.05,1225.01,989.35,0,989.35,1224.07,1.2,1225.27,1166.07,1.2,1167.27,1142.93,0.96,1143.89
Department of Space,Department of Space,5704.2,7775.27,13479.47,4954.68,4545.32,9500,5851.08,7182.21,13033.29,5720.46,8228.63,13949.09,5720.46,6921.54,12642.00,4853.56,4636.49,9490.05,6187.1,6356.81,12543.91,6634.17,4435.9,11070.07,5899.04,4259.44,10158.48,7475.22,5567.53,13042.75,6997.38,4728.37,11725.75,6320.13,4406.65,10726.78
Ministry of Statistics and Programme Implementation,Ministry of Statistics and Programme Implementation,5426.05,17.95,5444,1390.39,3.61,1394,4909.38,9.92,4919.3,1396.09,13.04,1409.13,3721.17,15.83,3737.00,2435.34,2.88,2438.22,5409.92,33.48,5443.4,3928.23,32.78,3961.01,3708.46,7.85,3716.31,5408.85,44.98,5453.83,5290.15,43.74,5333.89,2450.13,19.35,2469.48
Ministry of Steel,Ministry of Steel,100,0,100,79.44,0,79.44,194.33,0,194.33,39.25,0,39.25,43.00,0,43.00,74.31,0,74.31,67.98,2.17,70.15,53.02,1.53,54.55,46.04,0,46.04,324.19,1.47,325.66,131.64,8429.36,8561,50.42,1.45,51.87
Ministry of Textiles,Ministry of Textiles,3463.76,51.03,3514.79,3243.97,56.03,3300,4401.17,54.02,4455.19,3591.61,40.03,3631.64,11408.81,40.51,11449.32,3098.88,48.09,3146.97,4362.53,26.81,4389.34,3424.53,18.56,3443.09,3349.12,30.09,3379.21,4373.38,43.65,4417.03,3299.52,42.48,3342,3042.62,16.61,3059.23
Ministry of Tourism,Ministry of Tourism,2499.83,0,2499.83,1266.25,0,1266.25,1399.2,0,1399.2,2032.04,0,2032.04,975.07,0,975.07,1138.43,0,1138.43,2400,0,2400,1697.37,0,1697.37,708.52,0,708.52,2483.12,1.77,2484.89,851.14,4.49,855.63,810.14,0,810.14
Ministry of Tribal Affairs,Ministry of Tribal Affairs,7260.99,150.01,7411,5508,0,5508,7247.67,80,7327.67,7524.85,0.02,7524.87,6181.30,0,6181.30,5494.64,0,5494.64,12414.95,46.93,12461.88,7588.48,16.52,7605,7258.77,20,7278.77,12968.17,31.83,13000,10235.22,2.11,10237.33,7528.85,16.38,7545.23
Ministry of Women and Child Development,Ministry of Women and Child Development,30507.09,0.01,30507.1,21503.31,5,21508.31,23179.6,0.23,23179.83,24930.00,5.00,24935.00,23698.00,2.00,23700.00,19243.56,0.48,19244.04,25943.67,5.08,25948.75,25937.6,11.08,25948.68,24012.07,0,24012.07,26588.81,3.38,26592.19,23679.6,3.38,23682.98,25509.98,8.48,25518.46
Ministry of Youth Affairs and Sports,Ministry of Youth Affairs and Sports,2775.9,51.02,2826.92,1799.13,1.02,1800.15,2662.15,45,2707.15,2549.41,46.73,2596.14,2754.52,2.50,2757.02,1787.83,0,1787.83,3389.56,7.76,3397.32,3392.9,4.06,3396.96,2566.5,2,2568.5,3435.85,6.47,3442.32,3226.87,5.98,3232.85,3021.52,2.51,3024.03
